Legende,Datum,Anzahl
Abschluesse,2022-03-14,0
Abschluesse,2022-03-14,0
Abschluesse,2022-03-14,0
Abschluesse,2022-03-16,0
Abschluesse,2022-03-16,0
Abschluesse,2022-03-16,0
Abschluesse,2022-03-21,0
Abschluesse,2022-03-21,0
Abschluesse,2022-03-21,0
Abschluesse,2022-03-21,0
Abschluesse,2022-03-22,0
Abschluesse,2022-03-22,0
Abschluesse,2022-03-22,0
Abschluesse,2022-03-22,0
Abschluesse,2022-03-22,0
Abschluesse,2022-03-22,0
Abschluesse,2022-03-22,0
Abschluesse,2022-03-22,0
Abschluesse,2022-03-22,0
Abschluesse,2022-03-23,0
Abschluesse,2022-04-12,0
Abschluesse,2022-04-12,0
Abschluesse,2022-04-12,0
Abschluesse,2022-04-12,0
Abschluesse,2022-04-13,0
Abschluesse,2022-04-13,0
Abschluesse,2022-04-13,0
Abschluesse,2022-04-13,0
Abschluesse,2022-04-13,0
Abschluesse,2022-04-13,0
Abschluesse,2022-04-13,0
Abschluesse,2022-04-13,0
Anbieter,2022-03-14,0
Anbieter,2022-03-14,0
Anbieter,2022-03-14,0
Anbieter,2022-03-16,0
Anbieter,2022-03-16,0
Anbieter,2022-03-16,0
Anbieter,2022-03-21,0
Anbieter,2022-03-21,0
Anbieter,2022-03-21,0
Anbieter,2022-03-21,0
Anbieter,2022-03-22,0
Anbieter,2022-03-22,1
Anbieter,2022-03-22,1
Anbieter,2022-03-22,1
Anbieter,2022-03-22,1
Anbieter,2022-03-22,1
Anbieter,2022-03-22,1
Anbieter,2022-03-22,1
Anbieter,2022-03-22,1
Anbieter,2022-03-23,1
Anbieter,2022-04-12,0
Anbieter,2022-04-12,0
Anbieter,2022-04-12,1
Anbieter,2022-04-12,1
Anbieter,2022-04-13,1
Anbieter,2022-04-13,1
Anbieter,2022-04-13,1
Anbieter,2022-04-13,1
Anbieter,2022-04-13,1
Anbieter,2022-04-13,1
Anbieter,2022-04-13,1
Anbieter,2022-04-13,1
Durchfuehrungen,2022-03-14,0
Durchfuehrungen,2022-03-14,0
Durchfuehrungen,2022-03-14,0
Durchfuehrungen,2022-03-16,0
Durchfuehrungen,2022-03-16,0
Durchfuehrungen,2022-03-16,0
Durchfuehrungen,2022-03-21,0
Durchfuehrungen,2022-03-21,0
Durchfuehrungen,2022-03-21,0
Durchfuehrungen,2022-03-21,0
Durchfuehrungen,2022-03-22,0
Durchfuehrungen,2022-03-22,5
Durchfuehrungen,2022-03-22,5
Durchfuehrungen,2022-03-22,9
Durchfuehrungen,2022-03-22,9
Durchfuehrungen,2022-03-22,9
Durchfuehrungen,2022-03-22,9
Durchfuehrungen,2022-03-22,9
Durchfuehrungen,2022-03-22,9
Durchfuehrungen,2022-03-23,18
Durchfuehrungen,2022-04-12,0
Durchfuehrungen,2022-04-12,0
Durchfuehrungen,2022-04-12,10
Durchfuehrungen,2022-04-12,14
Durchfuehrungen,2022-04-13,10
Durchfuehrungen,2022-04-13,10
Durchfuehrungen,2022-04-13,8
Durchfuehrungen,2022-04-13,8
Durchfuehrungen,2022-04-13,8
Durchfuehrungen,2022-04-13,8
Durchfuehrungen,2022-04-13,9
Durchfuehrungen,2022-04-13,9
ELearning,2022-03-14,0
ELearning,2022-03-14,0
ELearning,2022-03-14,0
ELearning,2022-03-16,0
ELearning,2022-03-16,0
ELearning,2022-03-16,0
ELearning,2022-03-21,0
ELearning,2022-03-21,0
ELearning,2022-03-21,0
ELearning,2022-03-21,0
ELearning,2022-03-22,0
ELearning,2022-03-22,0
ELearning,2022-03-22,0
ELearning,2022-03-22,0
ELearning,2022-03-22,0
ELearning,2022-03-22,0
ELearning,2022-03-22,0
ELearning,2022-03-22,0
ELearning,2022-03-22,0
ELearning,2022-03-23,0
ELearning,2022-04-12,0
ELearning,2022-04-12,0
ELearning,2022-04-12,0
ELearning,2022-04-12,0
ELearning,2022-04-13,0
ELearning,2022-04-13,0
ELearning,2022-04-13,0
ELearning,2022-04-13,0
ELearning,2022-04-13,0
ELearning,2022-04-13,0
ELearning,2022-04-13,0
ELearning,2022-04-13,0
Kurse,2022-03-14,0
Kurse,2022-03-14,0
Kurse,2022-03-14,0
Kurse,2022-03-16,0
Kurse,2022-03-16,0
Kurse,2022-03-16,0
Kurse,2022-03-21,0
Kurse,2022-03-21,0
Kurse,2022-03-21,0
Kurse,2022-03-21,0
Kurse,2022-03-22,0
Kurse,2022-03-22,5
Kurse,2022-03-22,5
Kurse,2022-03-22,9
Kurse,2022-03-22,9
Kurse,2022-03-22,9
Kurse,2022-03-22,9
Kurse,2022-03-22,9
Kurse,2022-03-22,9
Kurse,2022-03-23,18
Kurse,2022-04-12,0
Kurse,2022-04-12,0
Kurse,2022-04-12,10
Kurse,2022-04-12,14
Kurse,2022-04-13,10
Kurse,2022-04-13,10
Kurse,2022-04-13,8
Kurse,2022-04-13,8
Kurse,2022-04-13,8
Kurse,2022-04-13,8
Kurse,2022-04-13,9
Kurse,2022-04-13,9
Zertifikate,2022-03-14,0
Zertifikate,2022-03-14,0
Zertifikate,2022-03-14,0
Zertifikate,2022-03-16,0
Zertifikate,2022-03-16,2
Zertifikate,2022-03-16,2
Zertifikate,2022-03-21,0
Zertifikate,2022-03-21,0
Zertifikate,2022-03-21,0
Zertifikate,2022-03-21,2
Zertifikate,2022-03-22,0
Zertifikate,2022-03-22,0
Zertifikate,2022-03-22,0
Zertifikate,2022-03-22,0
Zertifikate,2022-03-22,0
Zertifikate,2022-03-22,0
Zertifikate,2022-03-22,0
Zertifikate,2022-03-22,0
Zertifikate,2022-03-22,0
Zertifikate,2022-03-23,18
Zertifikate,2022-04-12,0
Zertifikate,2022-04-12,0
Zertifikate,2022-04-12,18
Zertifikate,2022-04-12,4
Zertifikate,2022-04-13,4
Zertifikate,2022-04-13,4
Zertifikate,2022-04-13,4
Zertifikate,2022-04-13,4
Zertifikate,2022-04-13,4
Zertifikate,2022-04-13,4
Zertifikate,2022-04-13,4
Zertifikate,2022-04-13,4
